Id,Position,First Name,Nickname,Last Name,FPPG,Played,Salary,Game,Team,Opponent,Injury Indicator,Injury Details,Tier
46677-9488,SF,LeBron,LeBron James,James,52.12459176,61,11400,LAC@LAL,LAL,LAC,,,
46677-15755,PF,Anthony,Anthony Davis,Davis,51.92321341,56,10400,LAC@LAL,LAL,LAC,,,
46677-14513,SF,Kawhi,Kawhi Leonard,Leonard,47.63461538,52,9500,LAC@LAL,LAC,LAL,,,
46677-9663,SG,Jrue,Jrue Holiday,Holiday,39.54643032,56,8300,UTA@NO,NO,UTA,,,
46677-40203,C,Rudy,Rudy Gobert,Gobert,40.10634843,63,8200,UTA@NO,UTA,NO,,,
46677-80806,PG,Lonzo,Lonzo Ball,Ball,32.60701712,57,7900,UTA@NO,NO,UTA,,,
46677-12341,SG,Paul,Paul George,George,36.3619036,42,7400,LAC@LAL,LAC,LAL,,,
46677-66048,SF,Brandon,Brandon Ingram,Ingram,38.81379226,58,7300,UTA@NO,NO,UTA,,,
46677-66113,SG,Donovan,Donovan Mitchell,Mitchell,36.09538386,65,7200,UTA@NO,UTA,NO,,,
46677-110310,PF,Zion,Zion Williamson,Williamson,33.48571487,21,7100,UTA@NO,NO,UTA,GTD,Personal,
46677-23776,C,Montrezl,Montrezl Harrell,Harrell,33.23333256,63,6300,LAC@LAL,LAC,LAL,GTD,Personal,
46677-9575,PG,Mike,Mike Conley,Conley,24.34761847,42,5700,UTA@NO,UTA,NO,,,
46677-59318,SF,Joe,Joe Ingles,Ingles,23.46406174,64,5500,UTA@NO,UTA,NO,,,
46677-12351,C,Derrick,Derrick Favors,Favors,26.4673913,46,5400,UTA@NO,NO,UTA,,,
46677-18338,PF,Royce,Royce O'Neale,O'Neale,18.8661546,65,4900,UTA@NO,UTA,NO,,,
46677-9662,SG,Lou,Lou Williams,Williams,30.60333252,60,4900,LAC@LAL,LAC,LAL,GTD,Calf,
46677-58377,PF,Kyle,Kyle Kuzma,Kuzma,20.53518564,54,4700,LAC@LAL,LAL,LAC,,,
46677-12474,PG,Patrick,Patrick Beverley,Beverley,23.50625102,48,4600,LAC@LAL,LAC,LAL,,,
46677-70827,C,Ivica,Ivica Zubac,Zubac,20.83906174,64,4500,LAC@LAL,LAC,LAL,,,
46677-9739,C,JaVale,JaVale McGee,McGee,19.86557457,61,4400,LAC@LAL,LAL,LAC,,,
46677-40562,SG,Josh,Josh Hart,Hart,23.49122807,57,4400,UTA@NO,NO,UTA,,,
46677-20640,SG,Jordan,Jordan Clarkson,Clarkson,22.70476229,63,4300,UTA@NO,UTA,NO,,,
46677-14512,PF,Marcus,Marcus Morris,Morris,27.75818093,55,4200,LAC@LAL,LAC,LAL,,,
46677-9758,SG,Danny,Danny Green,Green,18.65901559,61,4100,LAC@LAL,LAL,LAC,,,
46677-110697,PF,Nicolo,Nicolo Melli,Melli,14.33773631,53,4100,UTA@NO,NO,UTA,,,
46677-9506,SG,JR,JR Smith,Smith,14.37272783,11,4000,LAC@LAL,LAL,LAC,,,
46677-9655,SG,JJ,JJ Redick,Redick,21.37037037,54,4000,UTA@NO,NO,UTA,GTD,Hamstring,
46677-14530,SF,Bojan,Bojan Bogdanovic,Bogdanovic,27.28593826,64,4000,UTA@NO,UTA,NO,O,Wrist,
46677-110340,C,Jaxson,Jaxson Hayes,Hayes,16.98392814,56,3900,UTA@NO,NO,UTA,,,
46677-9660,C,Dwight,Dwight Howard,Howard,21.21612943,62,3900,LAC@LAL,LAL,LAC,,,
46677-9483,C,Joakim,Joakim Noah,Noah,19.52618989,42,3800,LAC@LAL,LAC,LAL,,,
46677-12334,SG,Avery,Avery Bradley,Bradley,15.35714286,49,3800,LAC@LAL,LAL,LAC,O,Personal,
46677-80823,C,Tony,Tony Bradley,Bradley,11.87647083,51,3800,UTA@NO,UTA,NO,,,
46677-85305,SF,Kenrich,Kenrich Williams,Williams,15.48857073,35,3800,UTA@NO,NO,UTA,,,
46677-14523,PG,Reggie,Reggie Jackson,Jackson,23.08260976,23,3800,LAC@LAL,LAC,LAL,,,
46677-16220,SF,Dion,Dion Waiters,Waiters,16.23333359,3,3800,LAC@LAL,LAL,LAC,,,
46677-9455,PG,Rajon,Rajon Rondo,Rondo,18.90416718,48,3800,LAC@LAL,LAL,LAC,O,Thumb,
46677-15636,SG,Kentavious,Kentavious Caldwell-Pope,Caldwell-Pope,16.82380991,63,3700,LAC@LAL,LAL,LAC,,,
46677-15405,PF,JaMychal,JaMychal Green,Green,16.87454501,55,3600,LAC@LAL,LAC,LAL,,,
46677-14511,SF,Markieff,Markieff Morris,Morris,17.84230746,52,3600,LAC@LAL,LAL,LAC,GTD,Undisclosed,
46677-15744,SG,Rodney,Rodney McGruder,McGruder,8.592000122,50,3500,LAC@LAL,LAC,LAL,,,
46677-110337,SG,Talen,Talen Horton-Tucker,Horton-Tucker,3,2,3500,LAC@LAL,LAL,LAC,,,
46677-111492,PF,Amir,Amir Coffey,Coffey,4.715384557,13,3500,LAC@LAL,LAC,LAL,O,Coach's decision,
46677-111620,PG,Nigel,Nigel Williams-Goss,Williams-Goss,2.388888889,9,3500,UTA@NO,UTA,NO,GTD,Quadriceps,
46677-82697,PG,Josh,Josh Gray,Gray,1.200000048,2,3500,UTA@NO,NO,UTA,,,
46677-15762,SF,Darius,Darius Miller,Miller,15.50144892,69,3500,UTA@NO,NO,UTA,O,Achilles,
46677-110355,SF,Mfiondu,Mfiondu Kabengele,Kabengele,5.683333079,12,3500,LAC@LAL,LAC,LAL,,,
46677-63124,PG,Emmanuel,Emmanuel Mudiay,Mudiay,13.98958333,48,3500,UTA@NO,UTA,NO,GTD,Illness,
46677-110356,SG,Nickeil,Nickeil Alexander-Walker,Alexander-Walker,10.72380938,42,3500,UTA@NO,NO,UTA,,,
46677-117289,PF,Juwan,Juwan Morgan,Morgan,2.799999952,16,3500,UTA@NO,UTA,NO,,,
46677-23981,PG,Alex,Alex Caruso,Caruso,13.59310387,58,3500,LAC@LAL,LAL,LAC,,,
46677-12340,PF,Patrick,Patrick Patterson,Patterson,8.523529651,51,3500,LAC@LAL,LAC,LAL,,,
46677-117301,PF,Devontae,Devontae Cacok,Cacok,0,0,3500,LAC@LAL,LAL,LAC,,,
46677-117305,PF,Zylan,Zylan Cheatham,Cheatham,4.73333327,3,3500,UTA@NO,NO,UTA,,,
46677-80824,PG,Frank,Frank Jackson,Jackson,8.739215926,51,3500,UTA@NO,NO,UTA,,,
46677-9677,SF,Jared,Jared Dudley,Dudley,4.427500153,40,3500,LAC@LAL,LAL,LAC,,,
46677-12365,PF,Ed,Ed Davis,Davis,8.12,25,3500,UTA@NO,UTA,NO,,,
46677-116178,PG,Rayjon,Rayjon Tucker,Tucker,2.685714177,14,3500,UTA@NO,UTA,NO,,,
46677-14554,SF,E'Twaun,E'Twaun Moore,Moore,15.09999952,51,3500,UTA@NO,NO,UTA,,,
46677-15582,PG,Quinn,Quinn Cook,Cook,7.947368421,38,3500,LAC@LAL,LAL,LAC,,,
46677-58083,C,Jahlil,Jahlil Okafor,Okafor,16.17142814,28,3500,UTA@NO,NO,UTA,,,
46677-110308,SF,Jarrell,Jarrell Brantley,Brantley,2.3,5,3500,UTA@NO,UTA,NO,,,
46677-110315,SG,Terance,Terance Mann,Mann,5.074285889,35,3500,LAC@LAL,LAC,LAL,O,Hand,
46677-23156,PF,Georges,Georges Niang,Niang,9.436206686,58,3500,UTA@NO,UTA,NO,,,
46677-84725,PF,Kostas,Kostas Antetokounmpo,Antetokounmpo,0.900000016,3,3500,LAC@LAL,LAL,LAC,,,
46677-84724,PG,Landry,Landry Shamet,Shamet,15.75531915,47,3500,LAC@LAL,LAC,LAL,GTD,Illness,
46677-110324,SG,Miye,Miye Oni,Oni,0.279999995,5,3500,UTA@NO,UTA,NO,,,
46677-110327,PG,Justin,Justin Wright-Foreman,Wright-Foreman,0,1,3500,UTA@NO,UTA,NO,,,
46677-41597,PF,Johnathan,Johnathan Motley,Motley,4.307692308,13,3500,LAC@LAL,LAC,LAL,,,
